{"0": {"reward": 0, "action": [0.0, 0.0, 1.0, 3.3432733926473293, 1.7118010047676742, -0.47969104306747123, 1.0]}, "1": {"reward": 0, "action": [0.0, 0.0, 1.0, 3.992330977530253, 0.9347325341088437, -2.785254507782425, -1.0]}, "2": {"reward": 0, "action": [0.0, 0.0, 1.0, 2.67986154620824, 1.2339698298721316, 2.1116451491131327, -1.0]}, "3": {"reward": 0, "action": [0.0, 0.0, 1.0, 3.8435034935414203, 2.6157523900064703, 1.747710410660912, 1.0]}, "4": {"reward": 0, "action": [0.0, 3.0, 1.0, 2.6047339418150433, 2.452104726134021, -2.3984525187550108, -1.0]}, "5": {"reward": 0, "action": [0.0, 1.0, 1.0, 3.8781637049049715, 2.9677649298775983, 0.13727705420658243, -1.0]}, "6": {"reward": 0, "action": [0.0, 3.0, 1.0, 2.0746153083350185, 0.42480042020239894, -1.1049546359690865, 1.0]}, "7": {"reward": 0, "action": [0.0, 4.0, 1.0, 3.3145126480406124, 1.2141909437984122, 2.529600826139255, -1.0]}, "8": {"reward": 0, "action": [0.0, 0.0, 1.0, 2.803848665755905, 0.5369282970914787, -0.8912562203523438, -1.0]}, "9": {"reward": 0, "action": [0.0, 5.0, 1.0, 2.9151990697688515, 1.0211659867223593, -2.900158578554197, 1.0]}, "10": {"reward": 0, "action": [0.0, 4.0, 1.0, 3.7535312546700466, 3.126825809937949, 0.5142807873160078, -1.0]}, "11": {"reward": 0, "action": [0.0, 3.0, 1.0, 3.8852816326309743, 1.958814753154906, -1.0178281743192517, 1.0]}, "12": {"reward": 26.346144102637954, "action": [0.0, 4.0, 1.0, 2.473561499884056, 2.4067398782182576, -2.4770085589413338, 1.0]}}